"","model","estimate","Estimate","Est.Error","l-95% CI","u-95% CI","Rhat","Bulk_ESS","Tail_ESS"
"1","allogrooming given","Intercept",2.37011132871109,1.01395769979333,0.308454381645503,4.30091752668033,1.00149475126113,2374.93265184386,3624.45396948785
"2","allogrooming given","scalegroom",0.447200999956388,0.223679068871245,0.0318280823334367,0.92413654370439,1.00009550432589,8393.25558451511,6339.60140407377
"3","allofeeding given","Intercept",2.31193660031245,1.06583287746259,0.106436138839614,4.30162014749711,1.00168863859589,2016.02782367421,3278.91740710101
"4","allofeeding given","scalefeed",0.497739739443189,0.202741953625457,0.111884311940952,0.919706245021881,1.00024731753855,8313.30066196862,6542.03480432586
"5","kinship","Intercept",2.45858225167591,1.02350777192596,0.37579186132241,4.41251753941132,1.00291261117756,2297.84986027838,3211.47025567022
"6","kinship","scalekinship",0.415300494285386,0.292755530371651,-0.177570885854006,0.976507693226342,1.00071921060948,5309.11232849805,5811.1293728376
